"observed_scientific_name","years","unit","values","geom","original_source","creator","title","publisher","intellectual_rights","license","owner"
"Cygnus columbianus","[1957,1958,1959,1960,1961,1962,1963,1964,1965,1966,1967,1968,1969,1970,1971,1972,1973,1974,1975,1976,1977,1978,1979,1980,1981,1982,1983,1984,1985,1986,1987,1988,1989,1990,1991,1992,1993,1994,1995,1996,1997,1998,1999,2000,2001,2002,2003,2004,2005,2006]","Number of individuals","[40118.6944,28189.911,27833.8279,41008.9021,62551.9288,39406.5282,61305.638,62017.8042,54005.9347,57744.8071,71988.1306,45637.9822,62195.8457,54896.1424,58100.8902,62729.9703,56498.5163,63798.2196,65934.7181,67715.1335,76083.0861,70207.7151,76795.2522,59881.3056,92640.9496,73056.3798,87477.7448,81246.2908,96913.9466,90860.5341,95667.6558,78575.6677,90148.368,90504.451,98160.2374,112937.6855,78041.543,84807.1217,84985.1632,79465.8754,92284.8665,100474.7774,110801.1869,115252.2255,98338.2789,114540.0593,111513.3531,110623.1454,72344.2136,81246.2908]","MULTIPOINT((-76.554165 38.536619))","Living planet index database",NA,"Ad Hoc Eastern Population Tundra Swan Committee (2007). A management plan for the Eastern population of Tundra swans: 57.","WWF/ZSL",NA,"Data Use Policy: Living Planet Database","WWF/ZSL"
